date;value
15.06.2022;20245.26
14.06.2022;21912.07
13.06.2022;23426.06
12.06.2022;27422.44
11.06.2022;28494.96
10.06.2022;29171.12
09.06.2022;30121.28
08.06.2022;30222.22
07.06.2022;31338.31
06.06.2022;31373.97
05.06.2022;29993.37
04.06.2022;29721.45
03.06.2022;29653.52
02.06.2022;30286.22
01.06.2022;29585.11
31.05.2022;31690.76
30.05.2022;31195.35
29.05.2022;29142.98
28.05.2022;28988.19
27.05.2022;28835.51
26.05.2022;29494.72
25.05.2022;29707.39
24.05.2022;29391.05
23.05.2022;29401.46
22.05.2022;30007.67
21.05.2022;29390.11
20.05.2022;29159.48
19.05.2022;30124.93
18.05.2022;29128.39
17.05.2022;30179.22
16.05.2022;29785.55
15.05.2022;30920.84
14.05.2022;29361.83
13.05.2022;29871.72
12.05.2022;28765.63
11.05.2022;29165.87
10.05.2022;31113.83
09.05.2022;30918.35
08.05.2022;34357.72
07.05.2022;35771.41
06.05.2022;36038.00
05.05.2022;36314.56
04.05.2022;39825.60
03.05.2022;37622.31
02.05.2022;38386.61
01.05.2022;37939.74
30.04.2022;38355.19
29.04.2022;38555.20
28.04.2022;39974.36
27.04.2022;39150.38
26.04.2022;38089.13
25.04.2022;40159.63
24.04.2022;39523.60
23.04.2022;39804.56
22.04.2022;39536.44
21.04.2022;40835.93
20.04.2022;41333.40
19.04.2022;41254.47
18.04.2022;40720.88
17.04.2022;40354.36
16.04.2022;40241.01
15.04.2022;40387.85
14.04.2022;39840.40
13.04.2022;41187.76
12.04.2022;39512.08
11.04.2022;40031.32
10.04.2022;43290.31
09.04.2022;42522.77
08.04.2022;42788.70
07.04.2022;43584.96
06.04.2022;43908.07
05.04.2022;45706.38
04.04.2022;46283.58
03.04.2022;46452.03
02.04.2022;46278.25
01.04.2022;46194.81
31.03.2022;45762.39
30.03.2022;47129.93
29.03.2022;47560.40
28.03.2022;47919.62
27.03.2022;45953.65
26.03.2022;44619.87
25.03.2022;44477.92
24.03.2022;43913.04
23.03.2022;42356.83
22.03.2022;42448.12
21.03.2022;41207.11
20.03.2022;41471.22
19.03.2022;42253.58
18.03.2022;41889.92
17.03.2022;40722.37
16.03.2022;41276.12
15.03.2022;39481.43
14.03.2022;38869.23
13.03.2022;38718.23
12.03.2022;39179.20
11.03.2022;38548.06
10.03.2022;39477.90
09.03.2022;41915.50
08.03.2022;38540.09
07.03.2022;37613.78
06.03.2022;38875.79
05.03.2022;39555.90
04.03.2022;39482.25
03.03.2022;42013.19
02.03.2022;43768.44
01.03.2022;43940.54
28.02.2022;41742.97
27.02.2022;37977.11
26.02.2022;39364.51
25.02.2022;38914.51
24.02.2022;38209.00
23.02.2022;37655.01
22.02.2022;37880.40
21.02.2022;38327.56
20.02.2022;38362.96
19.02.2022;40076.94
18.02.2022;40114.91
17.02.2022;41084.34
16.02.2022;44182.90
15.02.2022;44102.79
14.02.2022;42247.24
13.02.2022;42323.69
12.02.2022;42679.30
11.02.2022;42560.46
10.02.2022;43927.43
09.02.2022;44717.80
08.02.2022;44039.37
07.02.2022;44058.88
06.02.2022;41634.37
05.02.2022;41588.22
04.02.2022;40522.31
03.02.2022;36429.87
02.02.2022;37526.39
01.02.2022;38685.40
31.01.2022;38480.81
30.01.2022;37638.37
29.01.2022;38272.76
28.01.2022;37577.73
27.01.2022;35963.24
26.01.2022;37083.25
25.01.2022;37007.91
24.01.2022;36505.45
23.01.2022;35236.40
22.01.2022;35024.66
21.01.2022;38181.39
20.01.2022;42673.70
19.01.2022;41728.11
18.01.2022;41596.60
17.01.2022;42199.22
16.01.2022;43092.84
15.01.2022;43600.30
14.01.2022;43077.54
13.01.2022;42597.65
12.01.2022;43756.44
11.01.2022;42837.59
10.01.2022;41531.03
09.01.2022;42497.65
08.01.2022;40998.92
07.01.2022;41842.67
06.01.2022;43251.14
05.01.2022;44253.15
04.01.2022;46358.68
03.01.2022;45886.26
02.01.2022;47020.64
01.01.2022;47444.09
31.12.2021;46008.54
30.12.2021;47277.52
29.12.2021;47585.02
28.12.2021;47980.25
27.12.2021;51048.90
26.12.2021;50357.00
25.12.2021;50987.13
24.12.2021;51204.75
23.12.2021;51022.59
22.12.2021;49064.75
21.12.2021;48476.00
20.12.2021;46978.55
19.12.2021;46859.51
18.12.2021;46774.50
17.12.2021;46297.78
16.12.2021;48158.82
15.12.2021;49198.89
14.12.2021;47375.01
13.12.2021;46610.07
12.12.2021;50333.54
11.12.2021;48670.64
10.12.2021;48308.85
09.12.2021;47511.13
08.12.2021;50731.80
07.12.2021;50382.02
06.12.2021;49196.00
05.12.2021;48962.21
04.12.2021;49193.56
03.12.2021;53177.92
02.12.2021;57011.76
01.12.2021;57028.94
30.11.2021;57504.25
29.11.2021;58141.22
28.11.2021;54906.32
27.11.2021;54489.38
26.11.2021;54455.44
25.11.2021;58997.74
24.11.2021;57242.05
23.11.2021;57575.87
22.11.2021;56061.01
21.11.2021;59458.74
20.11.2021;59415.13
19.11.2021;58008.80
18.11.2021;58516.27
17.11.2021;60280.80
16.11.2021;59432.87
15.11.2021;64016.04
14.11.2021;64099.34
13.11.2021;64264.02
12.11.2021;63963.06
11.11.2021;65003.74
10.11.2021;66185.52
09.11.2021;67222.64
08.11.2021;65952.27
07.11.2021;62524.11
06.11.2021;61232.75
05.11.2021;61050.28
04.11.2021;61326.62
03.11.2021;62861.53
02.11.2021;63142.59
01.11.2021;60757.83
31.10.2021;61005.07
30.10.2021;61864.92
29.10.2021;62401.87
28.10.2021;61683.82
27.10.2021;58775.30
26.10.2021;62058.04
25.10.2021;62660.57
24.10.2021;61053.51
23.10.2021;61032.69
22.10.2021;60937.14
21.10.2021;62793.27
20.10.2021;65834.54
19.10.2021;64253.46
18.10.2021;61152.04
17.10.2021;59605.17
16.10.2021;61052.69
15.10.2021;62264.83
14.10.2021;57440.24
13.10.2021;56968.25
12.10.2021;55487.57
11.10.2021;57396.93
10.10.2021;55433.79
09.10.2021;54495.14
08.10.2021;54263.62
07.10.2021;54172.87
06.10.2021;55105.34
05.10.2021;51348.18
04.10.2021;49061.41
03.10.2021;48668.25
02.10.2021;47998.81
01.10.2021;47955.42
30.09.2021;43278.20
29.09.2021;41015.62
28.09.2021;41859.05
27.09.2021;42832.27
26.09.2021;43531.57
25.09.2021;42707.31
24.09.2021;42907.93
23.09.2021;44614.07
22.09.2021;43487.00
21.09.2021;41049.34
20.09.2021;43280.99
19.09.2021;47604.84
18.09.2021;48007.42
17.09.2021;47142.52
16.09.2021;47278.65
15.09.2021;48063.72
14.09.2021;46841.57
13.09.2021;44902.50
12.09.2021;45423.32
11.09.2021;45393.72
10.09.2021;45213.35
09.09.2021;46312.68
08.09.2021;45974.41
07.09.2021;46380.72
06.09.2021;51885.09
05.09.2021;50961.22
04.09.2021;50196.90
03.09.2021;50146.03
02.09.2021;49510.14
01.09.2021;48276.62
31.08.2021;47154.40
30.08.2021;48634.15
29.08.2021;48878.90
28.08.2021;48699.50
27.08.2021;48975.77
26.08.2021;47010.77
25.08.2021;48780.29
24.08.2021;48280.61
23.08.2021;49434.00
22.08.2021;48452.62
21.08.2021;49012.13
20.08.2021;48689.30
19.08.2021;46442.57
18.08.2021;44636.13
17.08.2021;45078.92
16.08.2021;45859.86
15.08.2021;46693.31
14.08.2021;46654.87
13.08.2021;47436.63
12.08.2021;44475.32
11.08.2021;46440.41
10.08.2021;45600.96
09.08.2021;45638.68
08.08.2021;43786.38
07.08.2021;43991.36
06.08.2021;42720.89
05.08.2021;40877.71
04.08.2021;39647.15
03.08.2021;38006.50
02.08.2021;38746.35
01.08.2021;41305.66
31.07.2021;41643.85
30.07.2021;40687.57
29.07.2021;39709.09
28.07.2021;40085.59
27.07.2021;38035.38
26.07.2021;38109.85
25.07.2021;34381.68
24.07.2021;33922.90
23.07.2021;32450.06
22.07.2021;32324.21
21.07.2021;31697.99
20.07.2021;29881.49
19.07.2021;30820.72
18.07.2021;31701.86
17.07.2021;31767.52
16.07.2021;31944.64
15.07.2021;31728.58
14.07.2021;32811.85
13.07.2021;32418.66
12.07.2021;32957.72
11.07.2021;33912.51
10.07.2021;33321.07
09.07.2021;33502.27
08.07.2021;32841.52
07.07.2021;34579.45
06.07.2021;33946.95
05.07.2021;33823.23
04.07.2021;35526.50
03.07.2021;34673.90
02.07.2021;33212.41
01.07.2021;33443.66
30.06.2021;34912.18
29.06.2021;36285.43
28.06.2021;34546.78
27.06.2021;32739.02
26.06.2021;31361.23
25.06.2021;32284.37
24.06.2021;34939.96
23.06.2021;33175.12
22.06.2021;32810.10
21.06.2021;32638.74
20.06.2021;35808.84
19.06.2021;36152.73
18.06.2021;35463.46
17.06.2021;37789.27
16.06.2021;38683.08
15.06.2021;39904.51
14.06.2021;39869.78
13.06.2021;38991.86
12.06.2021;36068.89
11.06.2021;37340.77
10.06.2021;36301.43
09.06.2021;36407.02
08.06.2021;33705.50
07.06.2021;34769.34
06.06.2021;35880.53
05.06.2021;35706.21
04.06.2021;37087.58
03.06.2021;38599.15
02.06.2021;37748.15
01.06.2021;36198.89
31.05.2021;36733.66
30.05.2021;36091.85
29.05.2021;34149.52
28.05.2021;35430.99
27.05.2021;38552.63
26.05.2021;38807.38
25.05.2021;37672.70
24.05.2021;38993.40
23.05.2021;33850.55
22.05.2021;38101.06
21.05.2021;35939.12
20.05.2021;39927.36
19.05.2021;38572.26
18.05.2021;43219.67
17.05.2021;44837.67
16.05.2021;44162.96
15.05.2021;48339.35
14.05.2021;49574.54
13.05.2021;49115.65
12.05.2021;54437.70
11.05.2021;56783.53
10.05.2021;54821.39
09.05.2021;57822.23
08.05.2021;59026.70
07.05.2021;57528.65
06.05.2021;56025.07
05.05.2021;56870.37
04.05.2021;54572.74
03.05.2021;57124.06
02.05.2021;56829.29
01.05.2021;57807.76
30.04.2021;56767.75
29.04.2021;52868.27
28.04.2021;54322.30
27.04.2021;54944.10
26.04.2021;53379.41
25.04.2021;48636.67
24.04.2021;50951.51
23.04.2021;50751.91
22.04.2021;51750.70
21.04.2021;55037.26
20.04.2021;56946.05
19.04.2021;56253.42
18.04.2021;56239.05
17.04.2021;61398.24
16.04.2021;62125.39
15.04.2021;63518.54
14.04.2021;62306.93
13.04.2021;63167.59
12.04.2021;60247.44
11.04.2021;59685.74
10.04.2021;59064.99
09.04.2021;58442.27
08.04.2021;58032.79
07.04.2021;56178.10
06.04.2021;58395.09
05.04.2021;58927.47
04.04.2021;58484.27
03.04.2021;58626.84
02.04.2021;59108.90
01.04.2021;59245.95
31.03.2021;59217.66
30.03.2021;58916.33
29.03.2021;57446.02
28.03.2021;55199.09
27.03.2021;56005.93
26.03.2021;54221.11
25.03.2021;52345.53
24.03.2021;54064.00
23.03.2021;54884.36
22.03.2021;54818.04
21.03.2021;57885.72
20.03.2021;58612.93
19.03.2021;58449.24
18.03.2021;57780.26
17.03.2021;58069.59
16.03.2021;56329.03
15.03.2021;56497.64
14.03.2021;60079.40
13.03.2021;61479.92
12.03.2021;56730.94
11.03.2021;57526.12
10.03.2021;56250.20
09.03.2021;54416.10
08.03.2021;51789.78
07.03.2021;49991.13
06.03.2021;48398.56
05.03.2021;49146.98
04.03.2021;48114.87
03.03.2021;50935.67
02.03.2021;47228.85
01.03.2021;48322.85
28.02.2021;44363.23
27.02.2021;47162.18
26.02.2021;46645.08
25.02.2021;48854.44
24.02.2021;48762.63
23.02.2021;47300.12
22.02.2021;54206.59
21.02.2021;58006.09
20.02.2021;56936.46
19.02.2021;55365.94
18.02.2021;51959.86
17.02.2021;52349.04
16.02.2021;48594.16
15.02.2021;48711.57
14.02.2021;48928.54
13.02.2021;46785.54
12.02.2021;47540.00
11.02.2021;48228.87
10.02.2021;44693.63
09.02.2021;47290.30
08.02.2021;43448.79
07.02.2021;38313.37
06.02.2021;39867.04
05.02.2021;37642.32
04.02.2021;37385.57
03.02.2021;36916.04
02.02.2021;35660.29
01.02.2021;33759.52
31.01.2021;32872.48
30.01.2021;34264.34
29.01.2021;34563.59
28.01.2021;32673.74
27.01.2021;31418.87
26.01.2021;31981.18
25.01.2021;33281.76
24.01.2021;31706.06
23.01.2021;32239.23
22.01.2021;33655.72
21.01.2021;32186.01
20.01.2021;35089.15
19.01.2021;36347.55
18.01.2021;36240.23
17.01.2021;36010.27
16.01.2021;36671.50
15.01.2021;35482.54
14.01.2021;39634.15
13.01.2021;35973.88
12.01.2021;34162.11
11.01.2021;32684.73
10.01.2021;37546.29
09.01.2021;40591.11
08.01.2021;39218.84
07.01.2021;38989.93
06.01.2021;35671.91
05.01.2021;34011.35
04.01.2021;31446.14
03.01.2021;33427.59
02.01.2021;31777.47
01.01.2021;29264.67
31.12.2020;28961.54
30.12.2020;28914.70
29.12.2020;26898.76
28.12.2020;26740.01
27.12.2020;26366.63
26.12.2020;26260.90
25.12.2020;24443.28
24.12.2020;23431.41
23.12.2020;23487.66
22.12.2020;23394.79
21.12.2020;22850.53
20.12.2020;24161.65
19.12.2020;23874.47
18.12.2020;22734.35
17.12.2020;22452.52
16.12.2020;20802.07
15.12.2020;19520.37
14.12.2020;19152.85
13.12.2020;19143.97
12.12.2020;18749.08
11.12.2020;17968.36
10.12.2020;18381.61
09.12.2020;18298.67
08.12.2020;18743.09
07.12.2020;19032.73
06.12.2020;19186.73
05.12.2020;19087.21
04.12.2020;18958.88
03.12.2020;19342.80
02.12.2020;19113.36
01.12.2020;18942.19
30.11.2020;19375.16
29.11.2020;18185.56
28.11.2020;17790.56
27.11.2020;17119.25
26.11.2020;16956.94
25.11.2020;18834.53
24.11.2020;19015.44
23.11.2020;18359.64
22.11.2020;18521.15
21.11.2020;18614.76
20.11.2020;18649.24
19.11.2020;17959.28
18.11.2020;17614.95
17.11.2020;17646.10
16.11.2020;16763.39
15.11.2020;15856.73
14.11.2020;15962.08
13.11.2020;16190.28
12.11.2020;16096.26
11.11.2020;15692.02
10.11.2020;15319.88
09.11.2020;15448.51
08.11.2020;15396.20
07.11.2020;14836.46
06.11.2020;15466.48
05.11.2020;15091.65
04.11.2020;14038.74
03.11.2020;13731.21
02.11.2020;13550.49
01.11.2020;13737.11
31.10.2020;13780.99
30.10.2020;13546.52
29.10.2020;13437.88
28.10.2020;13271.29
27.10.2020;13654.22
26.10.2020;13075.25
25.10.2020;13031.17
24.10.2020;13108.06
23.10.2020;12931.54
22.10.2020;12965.89
21.10.2020;12823.69
20.10.2020;11916.34
19.10.2020;11742.04
18.10.2020;11483.36
17.10.2020;11358.10
16.10.2020;11322.12
15.10.2020;11495.35
14.10.2020;11429.51
13.10.2020;11425.90
12.10.2020;11555.36
11.10.2020;11384.18
10.10.2020;11296.36
09.10.2020;11052.05
08.10.2020;10923.63
07.10.2020;10679.14
06.10.2020;10546.10
05.10.2020;10804.00
04.10.2020;10661.05
03.10.2020;10565.49
02.10.2020;10555.82
01.10.2020;10623.33
30.09.2020;10787.62
29.09.2020;10848.83
28.09.2020;10721.33
27.09.2020;10774.43
26.09.2020;10724.98
25.09.2020;10702.29
24.09.2020;10745.55
23.09.2020;10225.86
22.09.2020;10538.46
21.09.2020;10462.26
20.09.2020;10938.27
19.09.2020;11094.35
18.09.2020;10944.59
17.09.2020;10948.99
16.09.2020;10974.90
15.09.2020;10796.95
14.09.2020;10680.84
13.09.2020;10323.76
12.09.2020;10442.17
11.09.2020;10400.91
10.09.2020;10319.06
09.09.2020;10242.35
08.09.2020;10131.52
07.09.2020;10369.56
06.09.2020;10280.35
05.09.2020;10169.57
04.09.2020;10511.81
03.09.2020;10245.30
02.09.2020;11414.03
01.09.2020;11970.48
31.08.2020;11680.82
30.08.2020;11711.51
29.08.2020;11506.87
28.08.2020;11542.50
27.08.2020;11323.40
26.08.2020;11488.36
25.08.2020;11366.14
24.08.2020;11774.60
23.08.2020;11664.85
22.08.2020;11681.83
21.08.2020;11592.49
20.08.2020;11878.37
19.08.2020;11758.28
18.08.2020;11991.23
17.08.2020;12254.40
16.08.2020;11892.80
15.08.2020;11865.70
14.08.2020;11768.87
13.08.2020;11784.14
12.08.2020;11584.93
11.08.2020;11410.53
10.08.2020;11878.11
09.08.2020;11675.74
08.08.2020;11754.05
07.08.2020;11601.47
06.08.2020;11779.77
05.08.2020;11747.02
04.08.2020;11205.89
03.08.2020;11246.35
02.08.2020;11053.61
01.08.2020;11759.59
31.07.2020;11323.47
30.07.2020;11111.21
29.07.2020;11100.47
28.07.2020;10912.82
27.07.2020;10990.87
26.07.2020;9905.17
25.07.2020;9677.11
24.07.2020;9536.89
23.07.2020;9581.07
22.07.2020;9525.36
21.07.2020;9374.89
20.07.2020;9164.23
19.07.2020;9185.82
18.07.2020;9159.04
17.07.2020;9151.39
16.07.2020;9132.23
15.07.2020;9192.84
14.07.2020;9243.21
13.07.2020;9243.61
12.07.2020;9276.50
11.07.2020;9240.35
10.07.2020;9278.81
09.07.2020;9277.97
08.07.2020;9428.33
07.07.2020;9252.28
06.07.2020;9375.47
05.07.2020;9073.94
04.07.2020;9132.49
03.07.2020;9087.30
02.07.2020;9123.41
01.07.2020;9228.33
30.06.2020;9137.99
29.06.2020;9190.85
28.06.2020;9143.58
27.06.2020;9045.39
26.06.2020;9162.92
25.06.2020;9264.81
24.06.2020;9313.61
23.06.2020;9629.66
22.06.2020;9648.72
21.06.2020;9303.63
20.06.2020;9332.34
19.06.2020;9288.02
18.06.2020;9411.84
17.06.2020;9480.26
16.06.2020;9538.02
15.06.2020;9450.70
14.06.2020;9386.79
13.06.2020;9475.28
12.06.2020;9480.84
11.06.2020;9321.78
10.06.2020;9870.09
09.06.2020;9795.70
08.06.2020;9771.49
07.06.2020;9758.85
06.06.2020;9653.68
05.06.2020;9665.53
04.06.2020;9800.64
03.06.2020;9656.72
02.06.2020;9529.80
01.06.2020;10167.27
31.05.2020;9461.06
30.05.2020;9700.41
29.05.2020;9439.12
28.05.2020;9525.75
27.05.2020;9181.02
26.05.2020;8835.05
25.05.2020;8906.93
24.05.2020;8790.37
23.05.2020;9209.29
22.05.2020;9182.58
21.05.2020;9081.76
20.05.2020;9522.98
19.05.2020;9729.04
18.05.2020;9726.57
17.05.2020;9670.74
16.05.2020;9377.01
15.05.2020;9328.20
14.05.2020;9733.72
13.05.2020;9269.99
12.05.2020;8804.48
11.05.2020;8601.80
10.05.2020;8756.43
09.05.2020;9593.90
08.05.2020;9842.67
07.05.2020;9951.52
06.05.2020;9268.76
05.05.2020;9003.07
04.05.2020;8912.65
03.05.2020;8897.47
02.05.2020;8988.60
01.05.2020;8864.77
30.04.2020;8658.55
29.04.2020;8801.04
28.04.2020;7807.06
27.04.2020;7795.60
26.04.2020;7679.87
25.04.2020;7569.94
24.04.2020;7550.90
23.04.2020;7429.72
22.04.2020;7117.21
21.04.2020;6880.32
20.04.2020;6881.96
19.04.2020;7189.42
18.04.2020;7257.66
17.04.2020;7096.18
16.04.2020;7116.80
15.04.2020;6642.11
14.04.2020;6842.43
13.04.2020;6845.04
12.04.2020;6971.09
11.04.2020;6859.08
10.04.2020;6865.49
09.04.2020;7302.09
08.04.2020;7334.10
07.04.2020;7176.41
06.04.2020;7271.78
05.04.2020;6791.13
04.04.2020;6867.53
03.04.2020;6733.39
02.04.2020;6793.62
01.04.2020;6606.78
31.03.2020;6438.64
30.03.2020;6429.84
29.03.2020;5922.04
28.03.2020;6242.19
27.03.2020;6469.80
26.03.2020;6716.44
25.03.2020;6681.06
24.03.2020;6734.80
23.03.2020;6416.31
22.03.2020;5830.25
21.03.2020;6185.07
20.03.2020;6198.78
19.03.2020;6191.19
18.03.2020;5238.44
17.03.2020;5225.63
16.03.2020;5014.48
15.03.2020;5392.31
14.03.2020;5200.37
13.03.2020;5563.71
12.03.2020;4970.79
11.03.2020;7911.43
10.03.2020;7909.73
09.03.2020;7923.64
08.03.2020;8108.12
07.03.2020;8909.95
06.03.2020;9122.55
05.03.2020;9078.76
04.03.2020;8755.25
03.03.2020;8787.79
02.03.2020;8869.67
01.03.2020;8562.45
29.02.2020;8599.51
28.02.2020;8672.46
27.02.2020;8784.49
26.02.2020;8820.52
25.02.2020;9341.71
24.02.2020;9650.17
23.02.2020;9924.52
22.02.2020;9663.18
21.02.2020;9686.44
20.02.2020;9608.48
19.02.2020;9633.39
18.02.2020;10142.00
17.02.2020;9690.14
16.02.2020;9934.43
15.02.2020;9889.42
14.02.2020;10312.12
13.02.2020;10214.38
12.02.2020;10326.05
11.02.2020;10208.24
10.02.2020;9856.61
09.02.2020;10116.67
08.02.2020;9865.12
07.02.2020;9795.94
06.02.2020;9729.80
05.02.2020;9613.42
04.02.2020;9180.96
03.02.2020;9293.52
02.02.2020;9344.37
01.02.2020;9392.88
31.01.2020;9350.53
30.01.2020;9508.99
29.01.2020;9316.63
28.01.2020;9358.59
27.01.2020;8909.82
26.01.2020;8596.83
25.01.2020;8367.85
24.01.2020;8445.43
23.01.2020;8406.52
22.01.2020;8680.88
21.01.2020;8745.89
20.01.2020;8657.64
19.01.2020;8706.25
18.01.2020;8942.81
17.01.2020;8929.04
16.01.2020;8723.79
15.01.2020;8807.01
14.01.2020;8827.76
13.01.2020;8144.19
12.01.2020;8192.49
11.01.2020;8037.54
10.01.2020;8166.55
09.01.2020;7879.07
08.01.2020;8079.86
07.01.2020;8163.69
06.01.2020;7769.22
05.01.2020;7411.32
04.01.2020;7410.66
03.01.2020;7344.88
02.01.2020;6985.47
01.01.2020;7200.17
31.12.2019;7193.60
30.12.2019;7293.00
29.12.2019;7422.65
28.12.2019;7317.99
27.12.2019;7290.09
26.12.2019;7238.97
25.12.2019;7275.16
24.12.2019;7322.53
23.12.2019;7355.63
22.12.2019;7511.59
21.12.2019;7191.16
20.12.2019;7218.82
19.12.2019;7202.84
18.12.2019;7276.80
17.12.2019;6640.52
16.12.2019;6932.48
15.12.2019;7152.30
14.12.2019;7124.67
13.12.2019;7269.68
12.12.2019;7243.13
11.12.2019;7217.43
10.12.2019;7278.12
09.12.2019;7400.90
08.12.2019;7564.35
07.12.2019;7556.24
06.12.2019;7547.00
05.12.2019;7448.31
04.12.2019;7453.35
03.12.2019;7344.96
02.12.2019;7317.27
01.12.2019;7389.94
30.11.2019;7528.23
29.11.2019;7770.53
28.11.2019;7654.18
27.11.2019;7581.03
26.11.2019;7190.52
25.11.2019;7159.18
24.11.2019;7090.01
23.11.2019;7341.92
22.11.2019;7366.07
21.11.2019;7610.88
20.11.2019;8048.12
19.11.2019;8187.70
18.11.2019;8284.09
17.11.2019;8695.20
16.11.2019;8533.65
15.11.2019;8500.72
14.11.2019;8708.99
13.11.2019;8806.76
12.11.2019;8777.96
11.11.2019;8765.44
10.11.2019;9052.40
09.11.2019;8818.96
08.11.2019;8842.05
07.11.2019;9242.67
06.11.2019;9360.88
05.11.2019;9342.53
04.11.2019;9412.61
03.11.2019;9235.35
02.11.2019;9324.72
01.11.2019;9261.10
31.10.2019;9199.58
30.10.2019;9205.73
29.10.2019;9427.69
28.10.2019;9256.15
27.10.2019;9551.71
26.10.2019;9244.97
25.10.2019;8660.70
24.10.2019;7493.49
23.10.2019;7514.67
22.10.2019;8078.20
21.10.2019;8243.72
20.10.2019;8222.08
19.10.2019;7988.56
18.10.2019;7973.21
17.10.2019;8103.91
16.10.2019;8047.53
15.10.2019;8205.37
14.10.2019;8374.69
13.10.2019;8321.01
12.10.2019;8336.56
11.10.2019;8321.76
10.10.2019;8586.47
09.10.2019;8595.74
08.10.2019;8228.78
07.10.2019;8245.62
06.10.2019;7988.16
05.10.2019;8151.50
04.10.2019;8205.94
03.10.2019;8259.99
02.10.2019;8393.04
01.10.2019;8343.28
30.09.2019;8293.87
29.09.2019;8104.19
28.09.2019;8245.92
27.09.2019;8251.85
26.09.2019;8118.97
25.09.2019;8486.99
24.09.2019;9747.47
23.09.2019;9857.38
22.09.2019;10070.39
21.09.2019;10019.72
20.09.2019;10181.64
19.09.2019;10266.41
18.09.2019;10198.25
17.09.2019;10241.27
16.09.2019;10276.79
15.09.2019;10347.71
14.09.2019;10358.05
13.09.2019;10360.55
12.09.2019;10410.13
11.09.2019;10178.37
10.09.2019;10115.98
09.09.2019;10334.97
08.09.2019;10441.28
07.09.2019;10517.25
06.09.2019;10353.30
05.09.2019;10575.53
04.09.2019;10594.49
03.09.2019;10623.54
02.09.2019;10346.76
01.09.2019;9757.97
31.08.2019;9630.66
30.08.2019;9598.17
29.08.2019;9510.20
28.08.2019;9754.42
27.08.2019;10185.50
26.08.2019;10370.82
25.08.2019;10138.52
24.08.2019;10159.96
23.08.2019;10407.97
22.08.2019;10131.06
21.08.2019;10138.05
20.08.2019;10763.23
19.08.2019;10916.05
18.08.2019;10345.81
17.08.2019;10231.74
16.08.2019;10374.34
15.08.2019;10311.55
14.08.2019;10051.70
13.08.2019;10895.83
12.08.2019;11382.62
11.08.2019;11523.58
10.08.2019;11354.02
09.08.2019;11862.94
08.08.2019;11966.41
07.08.2019;11941.97
06.08.2019;11478.17
05.08.2019;11805.65
04.08.2019;10970.18
03.08.2019;10821.73
02.08.2019;10518.17
01.08.2019;10399.67
31.07.2019;10085.63
30.07.2019;9607.42
29.07.2019;9519.15
28.07.2019;9552.86
27.07.2019;9477.68
26.07.2019;9870.30
25.07.2019;9911.84
24.07.2019;9811.93
23.07.2019;9900.77
22.07.2019;10343.11
21.07.2019;10599.11
20.07.2019;10767.14
19.07.2019;10530.73
18.07.2019;10666.48
17.07.2019;9693.80
16.07.2019;9477.64
15.07.2019;10895.09
14.07.2019;10256.06
13.07.2019;11392.38
12.07.2019;11815.99
11.07.2019;11358.66
10.07.2019;12156.51
09.07.2019;12573.81
08.07.2019;12285.96
07.07.2019;11450.85
06.07.2019;11208.55
05.07.2019;10978.46
04.07.2019;11215.44
03.07.2019;11961.27
02.07.2019;10801.68
01.07.2019;10583.13
30.06.2019;10817.16
29.06.2019;11959.37
28.06.2019;12407.33
27.06.2019;11182.81
26.06.2019;13016.23
25.06.2019;11790.92
24.06.2019;11011.10
23.06.2019;10855.37
22.06.2019;10701.69
21.06.2019;10144.56
20.06.2019;9527.16
19.06.2019;9273.52
18.06.2019;9081.76
17.06.2019;9320.35
16.06.2019;8994.49
15.06.2019;8838.38
14.06.2019;8693.83
13.06.2019;8230.92
12.06.2019;8145.86
11.06.2019;7927.71
10.06.2019;8000.33
09.06.2019;7688.08
08.06.2019;7954.13
07.06.2019;8043.95
06.06.2019;7822.02
05.06.2019;7824.23
04.06.2019;7707.77
03.06.2019;8208.99
02.06.2019;8742.96
01.06.2019;8564.02
31.05.2019;8574.50
30.05.2019;8319.47
29.05.2019;8659.49
28.05.2019;8719.96
27.05.2019;8805.78
26.05.2019;8673.22
25.05.2019;8052.54
24.05.2019;7987.37
23.05.2019;7881.85
22.05.2019;7680.07
21.05.2019;7963.33
20.05.2019;7978.31
19.05.2019;8197.69
18.05.2019;7271.21
17.05.2019;7343.90
16.05.2019;7884.91
15.05.2019;8205.17
14.05.2019;7994.42
13.05.2019;7814.92
12.05.2019;6972.37
11.05.2019;7204.77
10.05.2019;6378.85
09.05.2019;6174.53
08.05.2019;5982.46
07.05.2019;5829.50
06.05.2019;5746.81
05.05.2019;5795.71
04.05.2019;5831.17
03.05.2019;5768.29
02.05.2019;5505.28
01.05.2019;5402.70
30.04.2019;5350.73
29.04.2019;5247.35
28.04.2019;5285.14
27.04.2019;5268.29
26.04.2019;5279.35
25.04.2019;5210.52
24.04.2019;5464.87
23.04.2019;5572.36
22.04.2019;5399.37
21.04.2019;5314.53
20.04.2019;5337.89
19.04.2019;5303.81
18.04.2019;5298.39
17.04.2019;5251.94
16.04.2019;5235.56
15.04.2019;5067.11
14.04.2019;5167.72
13.04.2019;5096.59
12.04.2019;5089.54
11.04.2019;5064.49
10.04.2019;5324.55
09.04.2019;5204.96
08.04.2019;5289.77
07.04.2019;5198.90
06.04.2019;5059.82
05.04.2019;5036.68
04.04.2019;4922.80
03.04.2019;4973.02
02.04.2019;4879.88
01.04.2019;4158.18
31.03.2019;4105.40
30.03.2019;4106.66
29.03.2019;4098.37
28.03.2019;4069.11
27.03.2019;4087.07
26.03.2019;3985.08
25.03.2019;3963.07
24.03.2019;4022.17
23.03.2019;4035.83
22.03.2019;4023.97
21.03.2019;4029.33
20.03.2019;4087.48
19.03.2019;4071.19
18.03.2019;4032.51
17.03.2019;4025.23
16.03.2019;4048.73
15.03.2019;3960.91
14.03.2019;3924.37
13.03.2019;3906.72
12.03.2019;3909.16
11.03.2019;3905.23
10.03.2019;3951.60
09.03.2019;3963.31
08.03.2019;3901.13
07.03.2019;3911.48
06.03.2019;3903.94
05.03.2019;3896.38
04.03.2019;3761.56
03.03.2019;3847.18
02.03.2019;3864.42
01.03.2019;3859.58
28.02.2019;3854.79
27.02.2019;3851.05
26.02.2019;3854.36
25.02.2019;3882.70
24.02.2019;3810.43
23.02.2019;4142.53
22.02.2019;4005.53
21.02.2019;3954.12
20.02.2019;3999.82
19.02.2019;3947.09
18.02.2019;3915.71
17.02.2019;3673.84
16.02.2019;3629.79
15.02.2019;3620.81
14.02.2019;3616.88
13.02.2019;3632.07
12.02.2019;3653.53
11.02.2019;3659.45
10.02.2019;3690.19
09.02.2019;3671.20
08.02.2019;3666.78
07.02.2019;3399.47
06.02.2019;3413.77
05.02.2019;3466.36
04.02.2019;3459.15
03.02.2019;3464.01
02.02.2019;3521.06
01.02.2019;3487.95
31.01.2019;3457.79
30.01.2019;3486.18
29.01.2019;3448.12
28.01.2019;3470.45
27.01.2019;3605.20
26.01.2019;3602.46
25.01.2019;3599.77
24.01.2019;3600.87
23.01.2019;3585.12
22.01.2019;3604.58
21.01.2019;3576.03
20.01.2019;3601.01
19.01.2019;3728.57
18.01.2019;3657.84
17.01.2019;3678.56
16.01.2019;3655.01
15.01.2019;3630.68
14.01.2019;3706.05
13.01.2019;3552.95
12.01.2019;3661.30
11.01.2019;3687.37
10.01.2019;3678.92
09.01.2019;4035.30
08.01.2019;4030.85
07.01.2019;4025.25
06.01.2019;4076.63
05.01.2019;3845.19
04.01.2019;3857.72
03.01.2019;3836.74
02.01.2019;3943.41
01.01.2019;3843.52
31.12.2018;3742.70
30.12.2018;3865.95
29.12.2018;3820.41
28.12.2018;3923.92
27.12.2018;3654.83
26.12.2018;3857.30
25.12.2018;3815.49
24.12.2018;4078.60
23.12.2018;3998.98
22.12.2018;4014.18
21.12.2018;3896.54
20.12.2018;4134.44
19.12.2018;3745.95
18.12.2018;3696.06
17.12.2018;3545.86
16.12.2018;3252.84
15.12.2018;3236.76
14.12.2018;3242.48
13.12.2018;3313.68
12.12.2018;3486.95
11.12.2018;3424.59
10.12.2018;3502.66
09.12.2018;3614.23
08.12.2018;3476.11
07.12.2018;3419.94
06.12.2018;3521.10
05.12.2018;3753.99
04.12.2018;3956.89
03.12.2018;3894.13
02.12.2018;4139.88
01.12.2018;4214.67
30.11.2018;4017.27
29.11.2018;4278.85
28.11.2018;4257.42
27.11.2018;3820.72
26.11.2018;3779.13
25.11.2018;4009.97
24.11.2018;3880.76
23.11.2018;4347.11
22.11.2018;4365.94
21.11.2018;4602.17
20.11.2018;4451.87
19.11.2018;4871.49
18.11.2018;5623.54
17.11.2018;5554.33
16.11.2018;5575.55
15.11.2018;5648.03
14.11.2018;5738.35
13.11.2018;6359.49
12.11.2018;6371.27
11.11.2018;6411.27
10.11.2018;6409.22
09.11.2018;6385.62
08.11.2018;6453.72
07.11.2018;6530.14
06.11.2018;6461.01
05.11.2018;6419.66
04.11.2018;6376.13
03.11.2018;6361.26
02.11.2018;6388.44
01.11.2018;6377.78
31.10.2018;6317.61
30.10.2018;6334.27
29.10.2018;6332.63
28.10.2018;6486.39
27.10.2018;6480.38
26.10.2018;6474.75
25.10.2018;6476.29
24.10.2018;6495.84
23.10.2018;6475.74
22.10.2018;6487.16
21.10.2018;6482.35
20.10.2018;6489.19
19.10.2018;6465.41
18.10.2018;6476.71
17.10.2018;6544.43
16.10.2018;6596.11
15.10.2018;6596.54
14.10.2018;6290.93
13.10.2018;6285.99
12.10.2018;6274.58
11.10.2018;6256.24
10.10.2018;6585.53
09.10.2018;6642.64
08.10.2018;6652.23
07.10.2018;6602.95
06.10.2018;6588.31
05.10.2018;6622.48
04.10.2018;6576.69
03.10.2018;6502.59
02.10.2018;6556.10
01.10.2018;6589.62
30.09.2018;6625.56
29.09.2018;6601.96
28.09.2018;6644.13
27.09.2018;6676.75
26.09.2018;6495.00
25.09.2018;6446.47
24.09.2018;6595.41
23.09.2018;6710.63
22.09.2018;6721.98
21.09.2018;6734.95
20.09.2018;6519.67
19.09.2018;6398.54
18.09.2018;6371.30
17.09.2018;6281.20
16.09.2018;6517.18
15.09.2018;6543.20
14.09.2018;6512.71
13.09.2018;6517.31
12.09.2018;6351.80
11.09.2018;6321.20
10.09.2018;6329.70
09.09.2018;6300.86
08.09.2018;6225.98
07.09.2018;6467.07
06.09.2018;6529.17
05.09.2018;6792.83
04.09.2018;7361.66
03.09.2018;7260.06
02.09.2018;7272.72
01.09.2018;7193.25
31.08.2018;7037.58
30.08.2018;6978.23
29.08.2018;7047.16
28.08.2018;7096.28
27.08.2018;6884.64
26.08.2018;6707.26
25.08.2018;6763.19
24.08.2018;6719.96
23.08.2018;6534.88
22.08.2018;6376.71
21.08.2018;6488.76
20.08.2018;6308.53
19.08.2018;6506.07
18.08.2018;6423.76
17.08.2018;6580.63
16.08.2018;6334.73
15.08.2018;6308.52
14.08.2018;6199.71
13.08.2018;6297.57
12.08.2018;6322.69
11.08.2018;6295.73
10.08.2018;6184.71
09.08.2018;6568.23
08.08.2018;6305.80
07.08.2018;6753.12
06.08.2018;6951.80
05.08.2018;7068.48
04.08.2018;7032.85
03.08.2018;7434.39
02.08.2018;7567.15
01.08.2018;7624.91
31.07.2018;7780.44
30.07.2018;8180.48
29.07.2018;8218.46
28.07.2018;8192.15
27.07.2018;8165.01
26.07.2018;7951.58
25.07.2018;8181.39
24.07.2018;8424.27
23.07.2018;7711.11
22.07.2018;7418.49
21.07.2018;7419.29
20.07.2018;7354.13
19.07.2018;7466.86
18.07.2018;7370.78
17.07.2018;7321.04
16.07.2018;6741.75
15.07.2018;6359.64
14.07.2018;6276.12
13.07.2018;6238.05
12.07.2018;6228.81
11.07.2018;6394.71
10.07.2018;6329.95
09.07.2018;6741.75
08.07.2018;6773.88
07.07.2018;6856.93
06.07.2018;6673.50
05.07.2018;6639.14
04.07.2018;6597.55
03.07.2018;6529.59
02.07.2018;6614.18
01.07.2018;6385.82
30.06.2018;6404.00
29.06.2018;6218.30
28.06.2018;5903.44
27.06.2018;6157.13
26.06.2018;6093.67
25.06.2018;6249.18
24.06.2018;6173.23
23.06.2018;6162.48
22.06.2018;6083.69
21.06.2018;6729.74
20.06.2018;6776.55
19.06.2018;6769.94
18.06.2018;6734.82
17.06.2018;6499.27
16.06.2018;6550.16
15.06.2018;6456.58
14.06.2018;6675.35
13.06.2018;6349.90
12.06.2018;6582.36
11.06.2018;6906.92
10.06.2018;6786.02
09.06.2018;7531.98
08.06.2018;7624.92
07.06.2018;7678.24
06.06.2018;7653.98
05.06.2018;7633.76
04.06.2018;7514.47
03.06.2018;7720.25
02.06.2018;7643.45
01.06.2018;7541.45
31.05.2018;7494.17
30.05.2018;7406.52
29.05.2018;7472.59
28.05.2018;7135.99
27.05.2018;7368.22
26.05.2018;7355.88
25.05.2018;7480.14
24.05.2018;7587.34
23.05.2018;7557.82
22.05.2018;8041.78
21.05.2018;8418.99
20.05.2018;8513.25
19.05.2018;8247.18
18.05.2018;8250.97
17.05.2018;8094.32
16.05.2018;8368.83
15.05.2018;8510.38
14.05.2018;8716.79
13.05.2018;8723.94
12.05.2018;8504.89
11.05.2018;8441.49
10.05.2018;9043.94
09.05.2018;9325.18
08.05.2018;9234.82
07.05.2018;9373.01
06.05.2018;9654.80
05.05.2018;9858.15
04.05.2018;9700.76
03.05.2018;9743.86
02.05.2018;9235.92
01.05.2018;9119.01
30.04.2018;9240.55
29.04.2018;9419.08
28.04.2018;9348.48
27.04.2018;8987.05
26.04.2018;9281.51
25.04.2018;8845.74
24.04.2018;9697.50
23.04.2018;8930.88
22.04.2018;8802.46
21.04.2018;8895.58
20.04.2018;8845.83
19.04.2018;8294.31
18.04.2018;8163.42
17.04.2018;7902.09
16.04.2018;8058.67
15.04.2018;8329.11
14.04.2018;7986.24
13.04.2018;7895.96
12.04.2018;7889.25
11.04.2018;6968.32
10.04.2018;6834.76
09.04.2018;6770.73
08.04.2018;7023.52
07.04.2018;6911.09
06.04.2018;6636.32
05.04.2018;6811.47
04.04.2018;6853.84
03.04.2018;7456.11
02.04.2018;7083.80
01.04.2018;6844.23
31.03.2018;6973.53
30.03.2018;6890.52
29.03.2018;7165.70
28.03.2018;7954.48
27.03.2018;7833.04
26.03.2018;8209.40
25.03.2018;8495.78
24.03.2018;8668.12
23.03.2018;8879.62
22.03.2018;8728.47
21.03.2018;8929.28
20.03.2018;8913.47
19.03.2018;8630.65
18.03.2018;8223.68
17.03.2018;7916.88
16.03.2018;8338.35
15.03.2018;8300.86
14.03.2018;8269.81
13.03.2018;9194.85
12.03.2018;9205.12
11.03.2018;9578.63
10.03.2018;8866.00
09.03.2018;9337.55
08.03.2018;9395.01
07.03.2018;9965.57
06.03.2018;10779.90
05.03.2018;11573.30
04.03.2018;11512.60
03.03.2018;11489.70
02.03.2018;11086.40
01.03.2018;10951.00
28.02.2018;10397.90
27.02.2018;10725.60
26.02.2018;10366.70
25.02.2018;9664.73
24.02.2018;9813.07
23.02.2018;10301.10
22.02.2018;10005.00
21.02.2018;10690.40
20.02.2018;11403.70
19.02.2018;11225.30
18.02.2018;10551.80
17.02.2018;11112.70
16.02.2018;10233.90
15.02.2018;10166.40
14.02.2018;9494.63
13.02.2018;8598.31
12.02.2018;8926.57
11.02.2018;8129.97
10.02.2018;8621.90
09.02.2018;8736.98
08.02.2018;8265.59
07.02.2018;7621.30
06.02.2018;7754.00
05.02.2018;6955.27
04.02.2018;8277.01
03.02.2018;9174.91
02.02.2018;8830.75
01.02.2018;9170.54
31.01.2018;10221.10
30.01.2018;10106.30
29.01.2018;11296.40
28.01.2018;11786.30
27.01.2018;11440.70
26.01.2018;11171.40
25.01.2018;11259.40
24.01.2018;11359.40
23.01.2018;10868.40
22.01.2018;10931.40
21.01.2018;11600.10
20.01.2018;12899.20
19.01.2018;11607.40
18.01.2018;11474.90
17.01.2018;11188.60
16.01.2018;11490.50
15.01.2018;13819.80
14.01.2018;13772.00
13.01.2018;14360.20
12.01.2018;13980.60
11.01.2018;13405.80
10.01.2018;14973.30
09.01.2018;14595.40
08.01.2018;15170.10
07.01.2018;16477.60
06.01.2018;17527.00
05.01.2018;17429.50
04.01.2018;15599.20
03.01.2018;15201.00
02.01.2018;14982.10
01.01.2018;13657.20
31.12.2017;14156.40
30.12.2017;12952.20
29.12.2017;14656.20
28.12.2017;14606.50
27.12.2017;15838.50
26.12.2017;16099.80
25.12.2017;14026.60
24.12.2017;13925.80
23.12.2017;14699.20
22.12.2017;13831.80
21.12.2017;15802.90
20.12.2017;16624.60
19.12.2017;17776.70
18.12.2017;19114.20
17.12.2017;19140.80
16.12.2017;19497.40
15.12.2017;17706.90
14.12.2017;16564.00
13.12.2017;16408.20
12.12.2017;17415.40
11.12.2017;16936.80
10.12.2017;15455.40
09.12.2017;15178.20
08.12.2017;16569.40
07.12.2017;17899.70
06.12.2017;14291.50
05.12.2017;11916.70
04.12.2017;11657.20
03.12.2017;11323.20
02.12.2017;11074.60
01.12.2017;10975.60
30.11.2017;10233.60
29.11.2017;9888.61
28.11.2017;10058.80
27.11.2017;9818.35
26.11.2017;9330.55
25.11.2017;8790.92
24.11.2017;8253.69
23.11.2017;8038.77
22.11.2017;8253.55
21.11.2017;8071.26
20.11.2017;8200.64
19.11.2017;8036.49
18.11.2017;7790.15
17.11.2017;7708.99
16.11.2017;7871.69
15.11.2017;7315.54
14.11.2017;6635.75
13.11.2017;6559.49
12.11.2017;5950.07
11.11.2017;6357.60
10.11.2017;6618.14
09.11.2017;7143.58
08.11.2017;7459.69
07.11.2017;7144.38
06.11.2017;7022.76
05.11.2017;7407.41
04.11.2017;7379.95
03.11.2017;7207.76
02.11.2017;7078.50
01.11.2017;6767.31
31.10.2017;6468.40
30.10.2017;6130.53
29.10.2017;6153.85
28.10.2017;5753.09
27.10.2017;5780.90
26.10.2017;5904.83
25.10.2017;5750.80
24.10.2017;5526.64
23.10.2017;5930.32
22.10.2017;6008.42
21.10.2017;6031.60
20.10.2017;6011.45
19.10.2017;5708.52
18.10.2017;5590.69
17.10.2017;5605.51
16.10.2017;5725.59
15.10.2017;5678.19
14.10.2017;5831.79
13.10.2017;5647.21
12.10.2017;5446.91
11.10.2017;4826.48
10.10.2017;4781.99
09.10.2017;4772.02
08.10.2017;4610.48
07.10.2017;4426.89
06.10.2017;4370.81
05.10.2017;4328.41
04.10.2017;4229.36
03.10.2017;4317.48
02.10.2017;4409.32
01.10.2017;4403.74
30.09.2017;4367.00
29.09.2017;4169.90
28.09.2017;4190.00
27.09.2017;4205.40
26.09.2017;3879.10
25.09.2017;3930.00
24.09.2017;3652.80
23.09.2017;3779.60
22.09.2017;3598.50
21.09.2017;3603.40
20.09.2017;3873.20
19.09.2017;3900.00
18.09.2017;4084.10
17.09.2017;3666.30
16.09.2017;3685.40
15.09.2017;3698.00
14.09.2017;3238.10
13.09.2017;3849.70
12.09.2017;4142.90
11.09.2017;4203.00
10.09.2017;4232.10
09.09.2017;4317.90
08.09.2017;4305.80
07.09.2017;4613.50
06.09.2017;4597.12
05.09.2017;4376.53
04.09.2017;4236.31
03.09.2017;4582.96
02.09.2017;4578.77
01.09.2017;4892.01
31.08.2017;4703.39
30.08.2017;4565.30
29.08.2017;4579.02
28.08.2017;4382.66
27.08.2017;4382.88
26.08.2017;4352.40
25.08.2017;4371.60
24.08.2017;4334.68
23.08.2017;4151.52
22.08.2017;4100.52
21.08.2017;4001.74
20.08.2017;4087.66
19.08.2017;4193.70
18.08.2017;4160.62
17.08.2017;4331.69
16.08.2017;4376.63
15.08.2017;4181.93
14.08.2017;4325.13
13.08.2017;4073.26
12.08.2017;3884.71
11.08.2017;3650.62
10.08.2017;3381.28
09.08.2017;3342.47
08.08.2017;3419.94
07.08.2017;3378.94
06.08.2017;3213.94
05.08.2017;3252.91
04.08.2017;2895.89
03.08.2017;2804.73
02.08.2017;2710.67
01.08.2017;2718.26
31.07.2017;2875.34
30.07.2017;2757.18
29.07.2017;2726.45
28.07.2017;2809.01
27.07.2017;2671.78
26.07.2017;2529.45
25.07.2017;2576.48
24.07.2017;2754.86
23.07.2017;2730.40
22.07.2017;2810.12
21.07.2017;2667.76
20.07.2017;2817.60
19.07.2017;2273.43
18.07.2017;2318.88
17.07.2017;2228.41
16.07.2017;1929.82
15.07.2017;1998.86
14.07.2017;2233.34
13.07.2017;2357.90
12.07.2017;2398.84
11.07.2017;2337.79
10.07.2017;2372.56
09.07.2017;2518.44
08.07.2017;2571.34
07.07.2017;2518.66
06.07.2017;2608.56
05.07.2017;2601.99
04.07.2017;2601.64
03.07.2017;2564.06
02.07.2017;2506.47
01.07.2017;2434.55
30.06.2017;2480.84
29.06.2017;2539.32
28.06.2017;2574.79
27.06.2017;2552.45
26.06.2017;2478.45
25.06.2017;2589.41
24.06.2017;2608.72
23.06.2017;2744.91
22.06.2017;2705.41
21.06.2017;2689.10
20.06.2017;2721.79
19.06.2017;2589.60
18.06.2017;2548.29
17.06.2017;2655.88
16.06.2017;2518.56
15.06.2017;2464.58
14.06.2017;2506.37
13.06.2017;2717.02
12.06.2017;2659.63
11.06.2017;2958.11
10.06.2017;2947.71
09.06.2017;2823.81
08.06.2017;2805.62
07.06.2017;2732.16
06.06.2017;2863.20
05.06.2017;2686.81
04.06.2017;2511.81
03.06.2017;2515.35
02.06.2017;2488.55
01.06.2017;2407.88
31.05.2017;2286.41
30.05.2017;2175.47
29.05.2017;2255.61
28.05.2017;2155.80
27.05.2017;2038.87
26.05.2017;2202.42
25.05.2017;2304.98
24.05.2017;2443.64
23.05.2017;2320.42
22.05.2017;2173.40
21.05.2017;2041.20
20.05.2017;2084.73
19.05.2017;1987.71
18.05.2017;1888.65
17.05.2017;1839.09
16.05.2017;1734.45
15.05.2017;1738.43
14.05.2017;1808.91
13.05.2017;1804.91
12.05.2017;1724.24
11.05.2017;1848.57
10.05.2017;1787.13
09.05.2017;1755.36
08.05.2017;1723.35
07.05.2017;1596.71
06.05.2017;1578.80
05.05.2017;1555.45
04.05.2017;1537.67
03.05.2017;1490.09
02.05.2017;1452.82
01.05.2017;1421.60
30.04.2017;1347.89
29.04.2017;1321.79
28.04.2017;1316.48
27.04.2017;1317.73
26.04.2017;1281.08
25.04.2017;1265.49
24.04.2017;1250.15
23.04.2017;1207.21
22.04.2017;1231.71
21.04.2017;1222.05
20.04.2017;1229.08
19.04.2017;1210.29
18.04.2017;1211.67
17.04.2017;1193.91
16.04.2017;1182.94
15.04.2017;1172.52
14.04.2017;1167.54
13.04.2017;1169.28
12.04.2017;1200.37
11.04.2017;1205.01
10.04.2017;1187.13
09.04.2017;1187.87
08.04.2017;1175.95
07.04.2017;1176.90
06.04.2017;1182.68
05.04.2017;1124.78
04.04.2017;1133.25
03.04.2017;1143.81
02.04.2017;1102.17
01.04.2017;1080.50
31.03.2017;1071.79
30.03.2017;1026.43
29.03.2017;1039.97
28.03.2017;1047.15
27.03.2017;1045.77
26.03.2017;966.73
25.03.2017;972.78
24.03.2017;937.52
23.03.2017;1038.59
22.03.2017;1049.14
21.03.2017;1120.54
20.03.2017;1054.23
19.03.2017;1036.74
18.03.2017;973.82
17.03.2017;1100.23
16.03.2017;1187.81
15.03.2017;1249.61
14.03.2017;1240.00
13.03.2017;1231.92
12.03.2017;1221.38
11.03.2017;1175.83
10.03.2017;1116.72
09.03.2017;1188.49
08.03.2017;1150.00
07.03.2017;1223.54
06.03.2017;1272.83
05.03.2017;1267.12
04.03.2017;1255.15
03.03.2017;1274.99
02.03.2017;1251.01
01.03.2017;1222.50
28.02.2017;1179.97
27.02.2017;1179.97
26.02.2017;1165.20
25.02.2017;1143.84
24.02.2017;1173.68
23.02.2017;1166.72
22.02.2017;1117.44
21.02.2017;1115.30
20.02.2017;1079.98
19.02.2017;1047.87
18.02.2017;1054.42
17.02.2017;1046.21
16.02.2017;1027.44
15.02.2017;1007.48
14.02.2017;1004.55
13.02.2017;990.64
12.02.2017;999.18
11.02.2017;1004.45
10.02.2017;988.67
09.02.2017;994.38
08.02.2017;1063.07
07.02.2017;1061.35
06.02.2017;1038.15
05.02.2017;1027.34
04.02.2017;1042.90
03.02.2017;1029.91
02.02.2017;1011.80
01.02.2017;989.02
31.01.2017;970.4
30.01.2017;920.38
29.01.2017;919.5
28.01.2017;921.59
27.01.2017;919.75
26.01.2017;917.59
25.01.2017;901.54
24.01.2017;892.69
23.01.2017;921.01
22.01.2017;924.67
21.01.2017;921.79
20.01.2017;895.03
19.01.2017;899.07
18.01.2017;886.62
17.01.2017;907.94
16.01.2017;831.53
15.01.2017;821.8
14.01.2017;818.41
13.01.2017;823.98
12.01.2017;804.83
11.01.2017;777.76
10.01.2017;907.68
09.01.2017;902.83
08.01.2017;911.2
07.01.2017;908.59
06.01.2017;902.2
05.01.2017;1013.38
04.01.2017;1154.73
03.01.2017;1043.84
02.01.2017;1021.75
01.01.2017;998.33
31.12.2016;963.74
30.12.2016;961.24
29.12.2016;973.5
28.12.2016;975.92
27.12.2016;933.2
26.12.2016;907.61
25.12.2016;896.18
24.12.2016;898.82
23.12.2016;921.98
22.12.2016;864.54
21.12.2016;834.28
20.12.2016;800.88
19.12.2016;792.71
18.12.2016;790.53
17.12.2016;790.83
16.12.2016;784.91
15.12.2016;778.09
14.12.2016;781.48
13.12.2016;780.56
12.12.2016;780.09
11.12.2016;769.73
10.12.2016;774.65
09.12.2016;772.79
08.12.2016;770.81
07.12.2016;768.13
06.12.2016;764.22
05.12.2016;758.7
04.12.2016;773.87
03.12.2016;771.15
02.12.2016;777.94
01.12.2016;756.77
30.11.2016;745.69
29.11.2016;735.6
28.11.2016;735.81
27.11.2016;732.03
26.11.2016;735.38
25.11.2016;741.65
24.11.2016;740.29
23.11.2016;744.59
22.11.2016;751.35
21.11.2016;739.25
20.11.2016;731.03
19.11.2016;751.62
18.11.2016;751.59
17.11.2016;740.98
16.11.2016;744.2
15.11.2016;711.62
14.11.2016;705.02
13.11.2016;702.03
12.11.2016;705.05
11.11.2016;716.41
10.11.2016;715.53
09.11.2016;723.27
08.11.2016;709.85
07.11.2016;703.13
06.11.2016;711.52
05.11.2016;703.42
04.11.2016;703.24
03.11.2016;688.7
02.11.2016;740.83
01.11.2016;729.79
31.10.2016;700.97
30.10.2016;701.86
29.10.2016;714.48
28.10.2016;689.65
27.10.2016;688.31
26.10.2016;678.3
25.10.2016;657.59
24.10.2016;653.76
23.10.2016;657.07
22.10.2016;657.29
21.10.2016;632.83
20.10.2016;630.86
19.10.2016;630.52
18.10.2016;637.96
17.10.2016;639.19
16.10.2016;641.63
15.10.2016;638.65
14.10.2016;640.38
13.10.2016;636.79
12.10.2016;636.19
11.10.2016;641.07
10.10.2016;618.99
09.10.2016;616.75
08.10.2016;619.11
07.10.2016;617.12
06.10.2016;613.02
05.10.2016;612.51
04.10.2016;610.2
03.10.2016;612.13
02.10.2016;610.89
01.10.2016;613.98
30.09.2016;609.74
29.09.2016;605.69
28.09.2016;604.73
27.09.2016;606.17
26.09.2016;608.04
25.09.2016;600.83
24.09.2016;602.63
23.09.2016;602.84
22.09.2016;596.3
21.09.2016;597.15
20.09.2016;608.31
19.09.2016;609.23
18.09.2016;609.87
17.09.2016;605.98
16.09.2016;606.97
15.09.2016;607.15
14.09.2016;610.68
13.09.2016;609.24
12.09.2016;608.24
11.09.2016;606.72
10.09.2016;623.51
09.09.2016;622.86
08.09.2016;626.32
07.09.2016;614.54
06.09.2016;610.44
05.09.2016;606.59
04.09.2016;608.63
03.09.2016;598.21
02.09.2016;575.54
01.09.2016;572.3
31.08.2016;575.47
30.08.2016;577.5
29.08.2016;574.11
28.08.2016;573.91
27.08.2016;569.95
26.08.2016;579.65
25.08.2016;577.76
24.08.2016;580.18
23.08.2016;583.41
22.08.2016;586.75
21.08.2016;581.31
20.08.2016;581.7
19.08.2016;575.63
18.08.2016;574.32
17.08.2016;573.22
16.08.2016;577.44
15.08.2016;567.24
14.08.2016;570.47
13.08.2016;585.59
12.08.2016;587.56
11.08.2016;589.12
10.08.2016;592.1
09.08.2016;587.8
08.08.2016;591.05
07.08.2016;592.69
06.08.2016;587.78
05.08.2016;575.04
04.08.2016;578.29
03.08.2016;566.36
02.08.2016;547.47
01.08.2016;606.27
31.07.2016;624.68
30.07.2016;655.05
29.07.2016;656.99
28.07.2016;655.03
27.07.2016;654.35
26.07.2016;651.78
25.07.2016;654.1
24.07.2016;661.28
23.07.2016;655.56
22.07.2016;650.62
21.07.2016;665.01
20.07.2016;665.68
19.07.2016;672.86
18.07.2016;673.11
17.07.2016;679.46
16.07.2016;660.77
15.07.2016;663.25
14.07.2016;658.08
13.07.2016;654.47
12.07.2016;664.55
11.07.2016;647.66
10.07.2016;649.36
09.07.2016;650.96
08.07.2016;666.52
07.07.2016;640.56
06.07.2016;677.33
05.07.2016;670.63
04.07.2016;683.66
03.07.2016;658.66
02.07.2016;703.7
01.07.2016;676.3
30.06.2016;673.34
29.06.2016;639.89
28.06.2016;647
27.06.2016;655.27
26.06.2016;629.37
25.06.2016;665.12
24.06.2016;665.3
23.06.2016;623.98
22.06.2016;596.12
21.06.2016;666.65
20.06.2016;737.23
19.06.2016;763.78
18.06.2016;756.23
17.06.2016;748.91
16.06.2016;766.31
15.06.2016;694.47
14.06.2016;685.56
13.06.2016;704.38
12.06.2016;672.78
11.06.2016;606.73
10.06.2016;577.47
09.06.2016;574.63
08.06.2016;581.64
07.06.2016;576.6
06.06.2016;585.54
05.06.2016;574.98
04.06.2016;572.73
03.06.2016;569.19
02.06.2016;537.97
01.06.2016;536.92
31.05.2016;531.39
30.05.2016;533.86
29.05.2016;526.23
28.05.2016;530.04
27.05.2016;473.46
26.05.2016;453.38
25.05.2016;449.6
24.05.2016;445.98
23.05.2016;444.15
22.05.2016;439.32
21.05.2016;443.19
20.05.2016;442.68
19.05.2016;438.71
18.05.2016;454.62
17.05.2016;453.78
16.05.2016;454.16
15.05.2016;457.57
14.05.2016;455.67
13.05.2016;455.67
12.05.2016;454.77
11.05.2016;452.73
10.05.2016;450.89
09.05.2016;460.48
08.05.2016;458.55
07.05.2016;458.54
06.05.2016;459.6
05.05.2016;447.98
04.05.2016;446.72
03.05.2016;450.3
02.05.2016;444.67
01.05.2016;451.88
30.04.2016;448.32
29.04.2016;455.1
28.04.2016;449.01
27.04.2016;444.69
26.04.2016;466.09
25.04.2016;461.43
24.04.2016;458.56
23.04.2016;450.28
22.04.2016;445.74
21.04.2016;449.43
20.04.2016;441.39
19.04.2016;435.51
18.04.2016;428.59
17.04.2016;427.4
16.04.2016;430.57
15.04.2016;429.71
14.04.2016;424.28
13.04.2016;423.73
12.04.2016;425.19
11.04.2016;422.48
10.04.2016;421.56
09.04.2016;419.41
08.04.2016;420.35
07.04.2016;422.75
06.04.2016;423.41
05.04.2016;424.03
04.04.2016;421.44
03.04.2016;420.9
02.04.2016;420.87
01.04.2016;417.96
31.03.2016;416.73
30.03.2016;414.82
29.03.2016;416.52
28.03.2016;424.23
27.03.2016;426.76
26.03.2016;417.94
25.03.2016;417.18
24.03.2016;416.39
23.03.2016;418.04
22.03.2016;418.09
21.03.2016;413.31
20.03.2016;413.75
19.03.2016;410.44
18.03.2016;409.55
17.03.2016;420.62
16.03.2016;417.01
15.03.2016;416.83
14.03.2016;416.44
13.03.2016;414.06
12.03.2016;411.62
11.03.2016;421.69
10.03.2016;417.13
09.03.2016;414.86
08.03.2016;413.97
07.03.2016;414.32
06.03.2016;407.71
05.03.2016;400.57
04.03.2016;410.94
03.03.2016;421.65
02.03.2016;423.99
01.03.2016;435.12
29.02.2016;437.7
28.02.2016;433.5
27.02.2016;432.52
26.02.2016;432.15
25.02.2016;424.54
24.02.2016;424.95
23.02.2016;420.74
22.02.2016;437.75
21.02.2016;438.8
20.02.2016;437.16
19.02.2016;420.79
18.02.2016;422.37
17.02.2016;416.32
16.02.2016;407.49
15.02.2016;400.19
14.02.2016;407.23
13.02.2016;391.86
12.02.2016;384.26
11.02.2016;379.65
10.02.2016;381.65
09.02.2016;376.03
08.02.2016;373.45
07.02.2016;376.62
06.02.2016;376.52
05.02.2016;386.55
04.02.2016;389.59
03.02.2016;369.95
02.02.2016;374.45
01.02.2016;373.06
31.01.2016;368.77
30.01.2016;378.25
29.01.2016;379.47
28.01.2016;380.29
27.01.2016;394.97
26.01.2016;392.15
25.01.2016;391.73
24.01.2016;402.97
23.01.2016;387.49
22.01.2016;382.49
21.01.2016;410.26
20.01.2016;420.23
19.01.2016;380.15
18.01.2016;387.17
17.01.2016;382.3
16.01.2016;387.54
15.01.2016;364.33
14.01.2016;430.31
13.01.2016;432.37
12.01.2016;435.69
11.01.2016;448.43
10.01.2016;447.99
09.01.2016;447.61
08.01.2016;453.23
07.01.2016;458.05
06.01.2016;429.11
05.01.2016;431.96
04.01.2016;433.09
03.01.2016;430.01
02.01.2016;433.44
01.01.2016;434.33
31.12.2015;430.57
30.12.2015;426.62
29.12.2015;432.98
28.12.2015;422.28
27.12.2015;422.82
26.12.2015;417.27
25.12.2015;455.65
24.12.2015;454.99
23.12.2015;442.4
22.12.2015;436.57
21.12.2015;438.64
20.12.2015;442.69
19.12.2015;462.32
18.12.2015;463.62
17.12.2015;456.08
16.12.2015;454.93
15.12.2015;465.32
14.12.2015;444.18
13.12.2015;433.75
12.12.2015;435
11.12.2015;451.94
10.12.2015;415.48
09.12.2015;417.56
08.12.2015;415.56
07.12.2015;395.54
06.12.2015;388.78
05.12.2015;388.95
04.12.2015;363.18
03.12.2015;361.05
02.12.2015;359.19
01.12.2015;362.49
30.11.2015;377.32
29.11.2015;371.29
28.11.2015;357.38
27.11.2015;358.04
26.11.2015;352.68
25.11.2015;328.21
24.11.2015;320.05
23.11.2015;323.05
22.11.2015;324.54
21.11.2015;326.93
20.11.2015;322.02
19.11.2015;326.15
18.11.2015;334.59
17.11.2015;335.09
16.11.2015;330.75
15.11.2015;320.17
14.11.2015;332.91
13.11.2015;336.75
12.11.2015;338.15
11.11.2015;311.08
10.11.2015;336.82
09.11.2015;380.26
08.11.2015;373.37
07.11.2015;386.48
06.11.2015;374.47
05.11.2015;386.35
04.11.2015;411.56
03.11.2015;403.42
02.11.2015;361.19
01.11.2015;325.43
31.10.2015;314.17
30.10.2015;328.01
29.10.2015;313.86
28.10.2015;304.62
27.10.2015;293.79
26.10.2015;285.3
25.10.2015;283.68
24.10.2015;281.65
23.10.2015;276.5
22.10.2015;274.02
21.10.2015;266.27
20.10.2015;269.46
19.10.2015;263.44
18.10.2015;261.64
17.10.2015;270.64
16.10.2015;262.87
15.10.2015;254.32
14.10.2015;251.99
13.10.2015;249.51
12.10.2015;245.31
11.10.2015;247.05
10.10.2015;244.94
09.10.2015;243.93
08.10.2015;242.3
07.10.2015;242.97
06.10.2015;246.06
05.10.2015;240.38
04.10.2015;238.26
03.10.2015;238.73
02.10.2015;237.29
01.10.2015;237.55
30.09.2015;236.06
29.09.2015;236.69
28.09.2015;239.14
27.09.2015;232.76
26.09.2015;234.34
25.09.2015;235.14
24.09.2015;234.53
23.09.2015;230.28
22.09.2015;230.62
21.09.2015;227.09
20.09.2015;231.21
19.09.2015;231.49
18.09.2015;232.97
17.09.2015;229.81
16.09.2015;229.09
15.09.2015;230.3
14.09.2015;230.64
13.09.2015;230.51
12.09.2015;235.23
11.09.2015;240.11
10.09.2015;238.48
09.09.2015;238.17
08.09.2015;243.61
07.09.2015;239.85
06.09.2015;239.84
05.09.2015;235.02
04.09.2015;230.3
03.09.2015;227.18
02.09.2015;229.28
01.09.2015;228.12
31.08.2015;230.06
30.08.2015;228.76
29.08.2015;229.78
28.08.2015;231.4
27.08.2015;224.77
26.08.2015;225.83
25.08.2015;221.61
24.08.2015;210.5
23.08.2015;228.17
22.08.2015;230.39
21.08.2015;232.57
20.08.2015;235.35
19.08.2015;226.68
18.08.2015;211.08
17.08.2015;257.98
16.08.2015;258.51
15.08.2015;261.55
14.08.2015;265.68
13.08.2015;264.08
12.08.2015;266.38
11.08.2015;270.39
10.08.2015;264.47
09.08.2015;265.08
08.08.2015;261
07.08.2015;279.58
06.08.2015;278.58
05.08.2015;281.88
04.08.2015;285.22
03.08.2015;281.23
02.08.2015;282.61
01.08.2015;281.6
31.07.2015;284.65
30.07.2015;287.72
29.07.2015;289.59
28.07.2015;294.43
27.07.2015;293.62
26.07.2015;292.69
25.07.2015;288.7
24.07.2015;288.28
23.07.2015;276.05
22.07.2015;277.22
21.07.2015;275.83
20.07.2015;278.98
19.07.2015;273.61
18.07.2015;274.9
17.07.2015;279.47
16.07.2015;278.09
15.07.2015;285.83
14.07.2015;287.46
13.07.2015;292.05
12.07.2015;310.87
11.07.2015;293.12
10.07.2015;284.89
09.07.2015;269.23
08.07.2015;270.79
07.07.2015;266.21
06.07.2015;269.03
05.07.2015;271.91
04.07.2015;260.89
03.07.2015;256.34
02.07.2015;255.41
01.07.2015;258.62
30.06.2015;263.07
29.06.2015;257.06
28.06.2015;249.01
27.06.2015;250.99
26.06.2015;243.59
25.06.2015;242.8
24.06.2015;240.51
23.06.2015;244.3
22.06.2015;246.99
21.06.2015;243.94
20.06.2015;245.21
19.06.2015;244.61
18.06.2015;249.01
17.06.2015;249.28
16.06.2015;250.9
15.06.2015;236.82
14.06.2015;233.54
13.06.2015;232.4
12.06.2015;229.98
11.06.2015;229.71
10.06.2015;228.8
09.06.2015;229.05
08.06.2015;228.49
07.06.2015;222.88
06.06.2015;225.62
05.06.2015;224.95
04.06.2015;224.32
03.06.2015;225.87
02.06.2015;225.8
01.06.2015;222.93
31.05.2015;230.19
30.05.2015;233.34
29.05.2015;237.1
28.05.2015;237.41
27.05.2015;237.28
26.05.2015;237.12
25.05.2015;237.11
24.05.2015;240.95
23.05.2015;238.87
22.05.2015;240.35
21.05.2015;235.34
20.05.2015;234.02
19.05.2015;231.95
18.05.2015;233.13
17.05.2015;236.8
16.05.2015;236.15
15.05.2015;237.6
14.05.2015;236.93
13.05.2015;236.38
12.05.2015;241.11
11.05.2015;242.16
10.05.2015;240.3
09.05.2015;241.83
08.05.2015;243.86
07.05.2015;237.33
06.05.2015;229.78
05.05.2015;236.12
04.05.2015;239.02
03.05.2015;240.36
02.05.2015;234.93
01.05.2015;232.08
30.04.2015;236.15
29.04.2015;225.81
28.04.2015;225.85
27.04.2015;229.29
26.04.2015;219.43
25.04.2015;226.39
24.04.2015;231.27
23.04.2015;236.46
22.04.2015;234.18
21.04.2015;235.27
20.04.2015;224.63
19.04.2015;222.6
18.04.2015;223.36
17.04.2015;222.88
16.04.2015;228.57
15.04.2015;223.83
14.04.2015;219.16
13.04.2015;224.59
12.04.2015;236.15
11.04.2015;236.55
10.04.2015;236.07
09.04.2015;243.68
08.04.2015;245.02
07.04.2015;253.18
06.04.2015;255.49
05.04.2015;260.6
04.04.2015;253.7
03.04.2015;254.32
02.04.2015;253
01.04.2015;247.27
31.03.2015;244.22
30.03.2015;247.53
29.03.2015;242.71
28.03.2015;252.8
27.03.2015;247.03
26.03.2015;248.53
25.03.2015;246.2
24.03.2015;245.59
23.03.2015;266.74
22.03.2015;267.96
21.03.2015;260.02
20.03.2015;261.75
19.03.2015;260.93
18.03.2015;256.3
17.03.2015;285.5
16.03.2015;290.59
15.03.2015;286.39
14.03.2015;281.88
13.03.2015;285.34
12.03.2015;294.35
11.03.2015;296.38
10.03.2015;291.76
09.03.2015;289.61
08.03.2015;274.35
07.03.2015;276.26
06.03.2015;272.72
05.03.2015;276.18
04.03.2015;273.09
03.03.2015;281.7
02.03.2015;275.67
01.03.2015;260.2
28.02.2015;254.26
27.02.2015;253.83
26.02.2015;236.43
25.02.2015;237.47
24.02.2015;238.74
23.02.2015;238.89
22.02.2015;235.98
21.02.2015;244.53
20.02.2015;243.78
19.02.2015;240.28
18.02.2015;236.33
17.02.2015;243.61
16.02.2015;233.84
15.02.2015;234.82
14.02.2015;257.32
13.02.2015;235.43
12.02.2015;221.76
11.02.2015;219.19
10.02.2015;219.84
09.02.2015;220.11
08.02.2015;223.41
07.02.2015;227.75
06.02.2015;222.27
05.02.2015;217.11
04.02.2015;226.85
03.02.2015;227.27
02.02.2015;238.23
01.02.2015;226.97
31.01.2015;217.46
30.01.2015;226.43
29.01.2015;233.51
28.01.2015;233.91
27.01.2015;263.48
26.01.2015;273.47
25.01.2015;253.72
24.01.2015;247.85
23.01.2015;232.88
22.01.2015;233.41
21.01.2015;226.9
20.01.2015;211.31
19.01.2015;214.86
18.01.2015;210.34
17.01.2015;199.26
16.01.2015;208.1
15.01.2015;209.84
14.01.2015;178.1
13.01.2015;225.86
12.01.2015;267.8
11.01.2015;265.66
10.01.2015;274.8
09.01.2015;290.41
08.01.2015;283.35
07.01.2015;294.34
06.01.2015;286.19
05.01.2015;274.47
04.01.2015;264.19
03.01.2015;281.08
02.01.2015;315.03
01.01.2015;314.25
31.12.2014;316.77
30.12.2014;308.5
29.12.2014;311.34
28.12.2014;313.77
27.12.2014;313
26.12.2014;324.96
25.12.2014;316.52
24.12.2014;319.01
23.12.2014;330
22.12.2014;328.7
21.12.2014;317
20.12.2014;328
19.12.2014;314.99
18.12.2014;311.31
17.12.2014;319
16.12.2014;320.41
15.12.2014;338.45
14.12.2014;343.06
13.12.2014;342.57
12.12.2014;346
11.12.2014;341.49
10.12.2014;340
09.12.2014;345.92
08.12.2014;356.99
07.12.2014;367.57
06.12.2014;369.13
05.12.2014;369.99
04.12.2014;364
03.12.2014;370.12
02.12.2014;377.5
01.12.2014;376.55
30.11.2014;374.39
29.11.2014;373.99
28.11.2014;373
27.11.2014;366.02
26.11.2014;364.23
25.11.2014;371.2
24.11.2014;373.5
23.11.2014;364.98
22.11.2014;350
21.11.2014;345.36
20.11.2014;355.37
19.11.2014;376.6
18.11.2014;369.99
17.11.2014;382.03
16.11.2014;384.14
15.11.2014;373.57
14.11.2014;396.35
13.11.2014;413.15
12.11.2014;421
11.11.2014;364
10.11.2014;363.02
09.11.2014;362.1
08.11.2014;341.37
07.11.2014;338.72
06.11.2014;344
05.11.2014;334.89
04.11.2014;325.5
03.11.2014;322
02.11.2014;323.51
01.11.2014;323.14
31.10.2014;335.07
30.10.2014;342.69
29.10.2014;331.08
28.10.2014;349.87
27.10.2014;347.87
26.10.2014;350.24
25.10.2014;347.37
24.10.2014;352.1
23.10.2014;354.17
22.10.2014;377.07
21.10.2014;381
20.10.2014;377.07
19.10.2014;384.98
18.10.2014;385.94
17.10.2014;378.4
16.10.2014;376.08
15.10.2014;387.04
14.10.2014;397.39
13.10.2014;385
12.10.2014;375
11.10.2014;355.01
10.10.2014;353.58
09.10.2014;360.97
08.10.2014;352
07.10.2014;330
06.10.2014;325
05.10.2014;315.88
04.10.2014;316.75
03.10.2014;342.58
02.10.2014;366.31
01.10.2014;374.7
30.09.2014;382.97
29.09.2014;368.82
28.09.2014;370
27.09.2014;391
26.09.2014;395
25.09.2014;404
24.09.2014;410.55
23.09.2014;425.31
22.09.2014;386.96
21.09.2014;385.12
20.09.2014;401
19.09.2014;382.58
18.09.2014;415.45
17.09.2014;447.93
16.09.2014;456.89
15.09.2014;465.46
14.09.2014;469.68
13.09.2014;472.98
12.09.2014;469.5
11.09.2014;472.79
10.09.2014;473.74
09.09.2014;466.9
08.09.2014;472
07.09.2014;477.91
06.09.2014;482.17
05.09.2014;477.89
04.09.2014;488.97
03.09.2014;470.01
02.09.2014;473.98
01.09.2014;472.66
31.08.2014;475.9
30.08.2014;497.2
29.08.2014;503.5
28.08.2014;502.65
27.08.2014;508.26
26.08.2014;509.94
25.08.2014;498.22
24.08.2014;505.01
23.08.2014;492.99
22.08.2014;510
21.08.2014;507.82
20.08.2014;506.72
19.08.2014;480
18.08.2014;440.05
17.08.2014;487
16.08.2014;514.59
15.08.2014;494.46
14.08.2014;506.78
13.08.2014;537.29
12.08.2014;565.83
11.08.2014;572
10.08.2014;586.1
09.08.2014;585.16
08.08.2014;587.6
07.08.2014;584.23
06.08.2014;579.16
05.08.2014;579.69
04.08.2014;580.04
03.08.2014;579.55
02.08.2014;581.89
01.08.2014;591
31.07.2014;577.68
30.07.2014;564.83
29.07.2014;577.83
28.07.2014;577.63
27.07.2014;586.49
26.07.2014;590
25.07.2014;596.68
24.07.2014;593.03
23.07.2014;610.86
22.07.2014;613.53
21.07.2014;614.99
20.07.2014;616
19.07.2014;619.8
18.07.2014;620.39
17.07.2014;617
16.07.2014;611.23
15.07.2014;614.67
14.07.2014;618.51
13.07.2014;623
12.07.2014;627
11.07.2014;623.01
10.07.2014;609.66
09.07.2014;615.78
08.07.2014;615.78
07.07.2014;617.58
06.07.2014;630.31
05.07.2014;627.99
04.07.2014;626.24
03.07.2014;636.92
02.07.2014;641.11
01.07.2014;629
30.06.2014;638.15
29.06.2014;595
28.06.2014;588.25
27.06.2014;598.23
26.06.2014;576.82
25.06.2014;560.64
24.06.2014;569.58
23.06.2014;584.99
22.06.2014;593.79
21.06.2014;586.67
20.06.2014;585
19.06.2014;588
18.06.2014;599.49
17.06.2014;602.33
16.06.2014;585.62
15.06.2014;592
14.06.2014;571.13
13.06.2014;597.01
12.06.2014;576
11.06.2014;623.29
10.06.2014;644.1
09.06.2014;639.24
08.06.2014;644.54
07.06.2014;644.86
06.06.2014;639.42
05.06.2014;649
04.06.2014;627.05
03.06.2014;657.01
02.06.2014;647.89
01.06.2014;628.53
31.05.2014;615
30.05.2014;608
29.05.2014;557.22
28.05.2014;564.21
27.05.2014;561.5
26.05.2014;576
25.05.2014;564.01
24.05.2014;519.51
23.05.2014;511.99
22.05.2014;521.94
21.05.2014;480
20.05.2014;477.9
19.05.2014;437.85
18.05.2014;439.43
17.05.2014;440.95
16.05.2014;438.89
15.05.2014;439.8
14.05.2014;435.7
13.05.2014;433.36
12.05.2014;433.95
11.05.2014;434.81
10.05.2014;445.12
09.05.2014;442
08.05.2014;429.04
07.05.2014;428.24
06.05.2014;421
05.05.2014;425.76
04.05.2014;428.89
03.05.2014;433.63
02.05.2014;436
01.05.2014;448.99
30.04.2014;438.38
29.04.2014;438.88
28.04.2014;429.52
27.04.2014;425.36
26.04.2014;447.82
25.04.2014;450.77
24.04.2014;492.67
23.04.2014;479.9
22.04.2014;473
21.04.2014;483.65
20.04.2014;489.53
19.04.2014;494.94
18.04.2014;472.5
17.04.2014;487
16.04.2014;527
15.04.2014;518
14.04.2014;454.42
13.04.2014;412
12.04.2014;415.87
11.04.2014;416.52
10.04.2014;356.95
09.04.2014;436.69
08.04.2014;445.72
07.04.2014;444
06.04.2014;463.06
05.04.2014;467.78
04.04.2014;446.3
03.04.2014;444
02.04.2014;435
01.04.2014;479.9
31.03.2014;462.09
30.03.2014;467.63
29.03.2014;496.49
28.03.2014;503.93
27.03.2014;484.99
26.03.2014;579.5
25.03.2014;579
24.03.2014;588.71
23.03.2014;568
22.03.2014;567.1
21.03.2014;572.94
20.03.2014;589
19.03.2014;606.1
18.03.2014;614
17.03.2014;617.43
16.03.2014;624.89
15.03.2014;629.02
14.03.2014;622.09
13.03.2014;629.75
12.03.2014;628.45
11.03.2014;626
10.03.2014;622.6
09.03.2014;627
08.03.2014;609.97
07.03.2014;619.72
06.03.2014;648
05.03.2014;653.15
04.03.2014;656.56
03.03.2014;644.03
02.03.2014;554
01.03.2014;562.3
28.02.2014;536.3
27.02.2014;569.88
26.02.2014;568
25.02.2014;535
24.02.2014;555.76
23.02.2014;598
22.02.2014;597.56
21.02.2014;555.5
20.02.2014;542
19.02.2014;611
18.02.2014;615
17.02.2014;613.44
16.02.2014;599
15.02.2014;637.13
14.02.2014;643.62
13.02.2014;591.39
12.02.2014;643.52
11.02.2014;664.67
10.02.2014;671
09.02.2014;697.5
08.02.2014;695.99
07.02.2014;709.97
06.02.2014;764.86
05.02.2014;784.75
04.02.2014;800.53
03.02.2014;798.9
02.02.2014;799.9
01.02.2014;800
31.01.2014;797
30.01.2014;795
29.01.2014;790.09
28.01.2014;774.9
27.01.2014;748.9
26.01.2014;817.8
25.01.2014;806.25
24.01.2014;774.98
23.01.2014;809.29
22.01.2014;822
21.01.2014;831.55
20.01.2014;829
19.01.2014;839
18.01.2014;817.5
17.01.2014;795
16.01.2014;813.38
15.01.2014;838
14.01.2014;819.47
13.01.2014;824.83
12.01.2014;835.49
11.01.2014;890.38
10.01.2014;841
09.01.2014;821.7
08.01.2014;821.17
07.01.2014;757.11
06.01.2014;925
05.01.2014;904
04.01.2014;823.5
03.01.2014;800
02.01.2014;782
01.01.2014;744
31.12.2013;730.5
30.12.2013;729
29.12.2013;720.02
28.12.2013;711.83
27.12.2013;715.01
26.12.2013;743.3
25.12.2013;674.96
24.12.2013;650.33
23.12.2013;650.22
22.12.2013;604.2
21.12.2013;591.17
20.12.2013;609
19.12.2013;681
18.12.2013;502.7
17.12.2013;660.1
16.12.2013;690
15.12.2013;863.64
14.12.2013;846.92
13.12.2013;869
12.12.2013;860
11.12.2013;855.5
10.12.2013;958.5
09.12.2013;878.5
08.12.2013;784.02
07.12.2013;700
06.12.2013;839
05.12.2013;990.4
04.12.2013;1076.00
03.12.2013;997.5
02.12.2013;980
01.12.2013;878.17
30.11.2013;1051.55
29.11.2013;1023.71
28.11.2013;962.03
27.11.2013;934
26.11.2013;890
25.11.2013;744
24.11.2013;699
23.11.2013;724.2
22.11.2013;699
21.11.2013;673.55
20.11.2013;545
19.11.2013;545.15
18.11.2013;679.45
17.11.2013;480.6
16.11.2013;420.49
15.11.2013;406.99
14.11.2013;406.01
13.11.2013;392.44
12.11.2013;343.9
11.11.2013;321.32
10.11.2013;302
09.11.2013;331.3
08.11.2013;313.12
07.11.2013;281.81
06.11.2013;251
05.11.2013;237.18
04.11.2013;223.77
03.11.2013;208.9
02.11.2013;198.85
01.11.2013;198.99
31.10.2013;197.9
30.10.2013;193.3
29.10.2013;198
28.10.2013;189
27.10.2013;186.99
26.10.2013;170.97
25.10.2013;178.86
24.10.2013;184
23.10.2013;198.55
22.10.2013;184.6
21.10.2013;171.36
20.10.2013;158.77
19.10.2013;156.8
18.10.2013;147.49
17.10.2013;140.68
16.10.2013;134.45
15.10.2013;137.98
14.10.2013;131.57
13.10.2013;128.66
12.10.2013;124.58
11.10.2013;124.19
10.10.2013;123.64
09.10.2013;123.86
08.10.2013;121.99
07.10.2013;121.2
06.10.2013;119.61
05.10.2013;119.32
04.10.2013;118.83
03.10.2013;115.2
02.10.2013;101.14
01.10.2013;123.75
30.09.2013;123
29.09.2013;123.05
28.09.2013;123.6
27.09.2013;122.74
26.09.2013;122.75
25.09.2013;122.55
24.09.2013;121.73
23.09.2013;120.89
22.09.2013;121.7
21.09.2013;121.1
20.09.2013;121.12
19.09.2013;120.75
18.09.2013;125.09
17.09.2013;124.5
16.09.2013;124
15.09.2013;123.6
14.09.2013;123.14
13.09.2013;124.75
12.09.2013;123.39
11.09.2013;124
10.09.2013;120
09.09.2013;119.92
08.09.2013;115.44
07.09.2013;117.03
06.09.2013;113
05.09.2013;117
04.09.2013;116.49
03.09.2013;125
02.09.2013;124.77
01.09.2013;126.4
31.08.2013;122.9
30.08.2013;120.72
29.08.2013;115.97
28.08.2013;115.2
27.08.2013;115.36
26.08.2013;108.39
25.08.2013;109.3
24.08.2013;106.36
23.08.2013;105.25
22.08.2013;106.91
21.08.2013;107.12
20.08.2013;103.1
19.08.2013;99.1
18.08.2013;96.85
17.08.2013;96.96
16.08.2013;96.79
15.08.2013;96.3
14.08.2013;97.61
13.08.2013;94.98
12.08.2013;94.84
11.08.2013;93.14
10.08.2013;92.94
09.08.2013;93.82
08.08.2013;94.38
07.08.2013;97.46
06.08.2013;97.32
05.08.2013;96.46
04.08.2013;94.36
03.08.2013;94.74
02.08.2013;96
01.08.2013;94.75
31.07.2013;97
30.07.2013;95
29.07.2013;91.2
28.07.2013;89.5
27.07.2013;87.6
26.07.2013;89.5
25.07.2013;88.89
24.07.2013;86.87
23.07.2013;85.98
22.07.2013;84.4
21.07.2013;83.8
20.07.2013;83.95
19.07.2013;83.8
18.07.2013;83.47
17.07.2013;89
16.07.2013;88.55
15.07.2013;91.3
14.07.2013;87.9
13.07.2013;88.99
12.07.2013;87
11.07.2013;82.5
10.07.2013;80.19
09.07.2013;72.25
08.07.2013;73.1
07.07.2013;74
06.07.2013;65.5
05.07.2013;66.4
04.07.2013;79.28
03.07.2013;77.45
02.07.2013;85.4
01.07.2013;81.01
30.06.2013;90.21
29.06.2013;89.6
28.06.2013;88.99
27.06.2013;95.2
26.06.2013;98
25.06.2013;98
24.06.2013;96.23
23.06.2013;101.16
22.06.2013;101.71
21.06.2013;105.63
20.06.2013;106.42
19.06.2013;105.22
18.06.2013;104.9
17.06.2013;101.36
16.06.2013;100.2
15.06.2013;100.51
14.06.2013;100
13.06.2013;105.5
12.06.2013;107.6
11.06.2013;108
10.06.2013;105.12
09.06.2013;102.5
08.06.2013;109.37
07.06.2013;111.8
06.06.2013;118.28
05.06.2013;120.49
04.06.2013;119.7
03.06.2013;119.67
02.06.2013;120.8
01.06.2013;127.47
31.05.2013;126.35
30.05.2013;126.5
29.05.2013;127.66
28.05.2013;125.2
27.05.2013;127.15
26.05.2013;129.56
25.05.2013;127.44
24.05.2013;128.21
23.05.2013;120.69
22.05.2013;116.7
21.05.2013;116.87
20.05.2013;113.7
19.05.2013;112.16
18.05.2013;113.63
17.05.2013;112.08
16.05.2013;109
15.05.2013;104.99
14.05.2013;104.15
13.05.2013;113.2
12.05.2013;111.28
11.05.2013;112.19
10.05.2013;112.99
09.05.2013;108.07
08.05.2013;109.25
07.05.2013;109.95
06.05.2013;111
05.05.2013;115.01
04.05.2013;111.49
03.05.2013;98.59
02.05.2013;106.8
01.05.2013;116.08
30.04.2013;133.83
29.04.2013;135.2
28.04.2013;125.98
27.04.2013;122.63
26.04.2013;130
25.04.2013;135.89
24.04.2013;143.5
23.04.2013;126.1
22.04.2013;115.5
21.04.2013;112
20.04.2013;116.59
19.04.2013;112.4
18.04.2013;101.99
17.04.2013;87.37
16.04.2013;67.57
15.04.2013;82.51
14.04.2013;91.7
13.04.2013;91.98
12.04.2013;104.89
11.04.2013;80
10.04.2013;161
09.04.2013;215.26
08.04.2013;175.52
07.04.2013;151.16
06.04.2013;134.01
05.04.2013;134.21
04.04.2013;123.12
03.04.2013;124
02.04.2013;116
01.04.2013;99.5
31.03.2013;90.3
30.03.2013;87.81
29.03.2013;87.1
28.03.2013;87.2
27.03.2013;84.22
26.03.2013;73.51
25.03.2013;70.3
24.03.2013;68
23.03.2013;61.53
22.03.2013;65.5
21.03.2013;66
20.03.2013;61.5
19.03.2013;54.35
18.03.2013;48.62
17.03.2013;43.89
16.03.2013;44.32
15.03.2013;43.89
14.03.2013;43.3
13.03.2013;43.35
12.03.2013;42.23
11.03.2013;45.94
10.03.2013;44.34
09.03.2013;44.48
08.03.2013;41.61
07.03.2013;40.98
06.03.2013;39
05.03.2013;38.96
04.03.2013;34.6
03.03.2013;32.1
02.03.2013;32.93
01.03.2013;33.5
28.02.2013;32.44
27.02.2013;30.3
26.02.2013;29.3
25.02.2013;29
24.02.2013;28.56
23.02.2013;29
22.02.2013;29
21.02.2013;29.4
20.02.2013;29.17
19.02.2013;28.84
18.02.2013;26.55
17.02.2013;26.49
16.02.2013;26.6
15.02.2013;26.49
14.02.2013;26.3
13.02.2013;24.1
12.02.2013;24.19
11.02.2013;24.24
10.02.2013;23.22
09.02.2013;23.25
08.02.2013;22.3
07.02.2013;21.69
06.02.2013;20.75
05.02.2013;20.12
04.02.2013;20.11
03.02.2013;20.41
02.02.2013;19.7
01.02.2013;20.48
31.01.2013;20.09
30.01.2013;19.1
29.01.2013;18.85
28.01.2013;18.16
27.01.2013;17.3
26.01.2013;17.25
25.01.2013;17
24.01.2013;16.69
23.01.2013;17.1
22.01.2013;17.13
21.01.2013;16.2
20.01.2013;15.38
19.01.2013;15.29
18.01.2013;15.28
17.01.2013;15.32
16.01.2013;14.4
15.01.2013;13.93
14.01.2013;14.04
13.01.2013;13.92
12.01.2013;13.92
11.01.2013;14.04
10.01.2013;13.94
09.01.2013;13.62
08.01.2013;13.52
07.01.2013;13.23
06.01.2013;13.13
05.01.2013;13.11
04.01.2013;13.23
03.01.2013;13.21
02.01.2013;13.22
01.01.2013;13.2
31.12.2012;13.28
30.12.2012;13.19
29.12.2012;13.15
28.12.2012;13.18
27.12.2012;13.09
26.12.2012;13.1
25.12.2012;13.11
24.12.2012;13.13
23.12.2012;13.07
22.12.2012;13.16
21.12.2012;13.19
20.12.2012;13.18
19.12.2012;13.07
18.12.2012;13
17.12.2012;13.25
16.12.2012;13.5
15.12.2012;13.35
14.12.2012;13.3
13.12.2012;13.4
12.12.2012;13.45
11.12.2012;13.39
10.12.2012;13.25
09.12.2012;13.09
08.12.2012;13.1
07.12.2012;13.2
06.12.2012;13.18
05.12.2012;13.1
04.12.2012;13.15
03.12.2012;12.34
02.12.2012;12.24
01.12.2012;12.3
30.11.2012;12.26
29.11.2012;12.15
28.11.2012;12.07
27.11.2012;12
26.11.2012;11.89
25.11.2012;12.25
24.11.2012;12.2
23.11.2012;12.1
22.11.2012;12.03
21.11.2012;11.61
20.11.2012;11.6
19.11.2012;11.59
18.11.2012;11.56
17.11.2012;11.46
16.11.2012;11.49
15.11.2012;10.85
14.11.2012;10.74
13.11.2012;10.66
12.11.2012;10.75
11.11.2012;10.52
10.11.2012;10.66
09.11.2012;10.59
08.11.2012;10.55
07.11.2012;10.76
06.11.2012;10.65
05.11.2012;10.5
04.11.2012;10.35
03.11.2012;10.35
02.11.2012;10.26
01.11.2012;10.7
31.10.2012;11.03
30.10.2012;10.49
29.10.2012;10.44
28.10.2012;10.35
27.10.2012;10
26.10.2012;9.79
25.10.2012;10.23
24.10.2012;11.4
23.10.2012;11.46
22.10.2012;11.19
21.10.2012;11.35
20.10.2012;11.5
19.10.2012;11.5
18.10.2012;11.61
17.10.2012;11.58
16.10.2012;11.75
15.10.2012;11.55
14.10.2012;11.58
13.10.2012;11.7
12.10.2012;11.92
11.10.2012;11.86
10.10.2012;11.91
09.10.2012;11.97
08.10.2012;11.7
07.10.2012;11.8
06.10.2012;12.39
05.10.2012;12.55
04.10.2012;12.6
03.10.2012;12.55
02.10.2012;12.3
01.10.2012;11.95
30.09.2012;12.16
29.09.2012;12.17
28.09.2012;12.15
27.09.2012;12.18
26.09.2012;12.03
25.09.2012;11.85
24.09.2012;11.78
23.09.2012;11.92
22.09.2012;11.98
21.09.2012;12.2
20.09.2012;12.36
19.09.2012;12.35
18.09.2012;11.95
17.09.2012;11.65
16.09.2012;11.65
15.09.2012;11.5
14.09.2012;11.6
13.09.2012;11.19
12.09.2012;11.28
11.09.2012;11.01
10.09.2012;10.96
09.09.2012;10.82
08.09.2012;11.01
07.09.2012;11
06.09.2012;11.08
05.09.2012;10.82
04.09.2012;10.29
03.09.2012;10.43
02.09.2012;10.19
01.09.2012;9.95
31.08.2012;10
30.08.2012;10.82
29.08.2012;10.7
28.08.2012;10.8
27.08.2012;10.9
26.08.2012;10.56
25.08.2012;10.58
24.08.2012;10.71
23.08.2012;9.81
22.08.2012;9.82
21.08.2012;9.85
20.08.2012;9.7
19.08.2012;7.85
18.08.2012;11.3
17.08.2012;11.49
16.08.2012;13.3
15.08.2012;13.1
14.08.2012;12.04
13.08.2012;11.75
12.08.2012;11.41
11.08.2012;11.28
10.08.2012;11.28
09.08.2012;11
08.08.2012;10.82
07.08.2012;10.74
06.08.2012;10.69
05.08.2012;10.34
04.08.2012;10.58
03.08.2012;10.68
02.08.2012;10.2
01.08.2012;9.35
31.07.2012;9.15
30.07.2012;8.85
29.07.2012;8.58
28.07.2012;8.61
27.07.2012;8.73
26.07.2012;8.7
25.07.2012;8.51
24.07.2012;8.44
23.07.2012;8.49
22.07.2012;8.1
21.07.2012;8.42
20.07.2012;8.41
19.07.2012;9.04
18.07.2012;8.9
17.07.2012;8.45
16.07.2012;8.08
15.07.2012;7.41
14.07.2012;7.49
13.07.2012;7.41
12.07.2012;7.5
11.07.2012;7.02
10.07.2012;7
09.07.2012;6.6
08.07.2012;6.64
07.07.2012;6.62
06.07.2012;6.5
05.07.2012;6.54
04.07.2012;6.4
03.07.2012;6.4
02.07.2012;6.61
01.07.2012;6.6
30.06.2012;6.6
29.06.2012;6.6
28.06.2012;6.46
27.06.2012;6.55
26.06.2012;6.25
25.06.2012;6.19
24.06.2012;6.2
23.06.2012;6.25
22.06.2012;6.46
21.06.2012;6.55
20.06.2012;6.6
19.06.2012;6.27
18.06.2012;6.23
17.06.2012;6.1
16.06.2012;6.26
15.06.2012;6.5
